album_id,artist_id,title,release_year,genre,total_tracks
ALB_1,ART_14,Ameliorated Holistic Help-Desk,2023,Country,11
ALB_2,ART_2,Function-Based Content-Based Model,2012,Country,7
ALB_3,ART_6,Progressive User-Facing Frame,2005,Pop,9
ALB_4,ART_14,Phased Tertiary Projection,2022,Country,7
ALB_5,ART_14,Up-Sized Intangible Intranet,2023,Country,13
ALB_6,ART_7,Open-Architected Value-Added Info-Mediaries,2011,Country,13
ALB_7,ART_3,Managed Human-Resource Analyzer,2024,Rock,10
ALB_8,ART_19,Self-Enabling Clear-Thinking Challenge,2023,Country,9
ALB_9,ART_4,Reduced Interactive Migration,2021,Hip-Hop,11
ALB_10,ART_15,Re-Engineered Dynamic Collaboration,2022,Country,13
ALB_11,ART_20,Horizontal Static Productivity,1999,Rock,7
ALB_12,ART_15,Devolved Full-Range Extranet,2024,Country,12
ALB_13,ART_1,Team-Oriented Well-Modulated Attitude,2022,Hip-Hop,15
ALB_14,ART_12,Programmable Maximized Methodology,2020,Country,8
ALB_15,ART_18,Cross-Group Zero Administration Core,2013,Pop,13
ALB_16,ART_4,Configurable Attitude-Oriented Firmware,2022,Hip-Hop,11
ALB_17,ART_4,Cloned Transitional Knowledgebase,2023,Hip-Hop,12
ALB_18,ART_8,Inverse Bottom-Line Definition,2000,Hip-Hop,12
ALB_19,ART_9,Networked Impactful Knowledge User,2009,Pop,10
ALB_20,ART_9,Stand-Alone Scalable Budgetary Management,2015,Pop,12
ALB_21,ART_13,Managed Client-Driven Definition,2020,Rock,15
ALB_22,ART_18,Profound Bottom-Line Graphical User Interface,2012,Pop,15
ALB_23,ART_14,Persevering Homogeneous Concept,2015,Country,7
ALB_24,ART_12,Seamless Executive Local Area Network,2024,Country,12
ALB_25,ART_16,Upgradable Intermediate Forecast,2020,Rock,14
ALB_26,ART_12,Future-Proofed Bi-Directional Help-Desk,2021,Country,15
ALB_27,ART_6,Profound 6Thgeneration Focus Group,2005,Pop,11
ALB_28,ART_17,Reduced Discrete Alliance,2011,Rock,7
ALB_29,ART_17,Synergized Directional Projection,2017,Rock,10
ALB_30,ART_12,Function-Based Logistical Hardware,2019,Country,10
ALB_31,ART_10,Diverse Optimal Neural-Net,2023,Jazz,7
ALB_32,ART_4,Upgradable Hybrid Projection,2018,Hip-Hop,12
ALB_33,ART_15,Virtual Didactic Intranet,2023,Country,7
ALB_34,ART_13,Advanced Zero-Defect Monitoring,2023,Rock,11
ALB_35,ART_7,Monitored Systemic Capacity,2019,Country,13
ALB_36,ART_14,Adaptive Fault-Tolerant Service-Desk,2013,Country,11
ALB_37,ART_17,Open-Architected Exuding Alliance,2024,Rock,8
ALB_38,ART_8,Multi-Tiered Explicit Matrix,2011,Hip-Hop,14
ALB_39,ART_18,Implemented Local Knowledgebase,2015,Pop,13
ALB_40,ART_19,Horizontal Motivating Paradigm,2009,Country,15
ALB_41,ART_14,Persistent Encompassing Moderator,2009,Country,8
ALB_42,ART_18,Seamless Bandwidth-Monitored Installation,1999,Pop,10
ALB_43,ART_17,Organic Local Graphical User Interface,2004,Rock,8
ALB_44,ART_10,Configurable Composite Frame,2002,Jazz,12
ALB_45,ART_16,Operative Well-Modulated Project,2020,Rock,8
ALB_46,ART_19,Diverse Solution-Oriented Knowledge User,2021,Country,7
ALB_47,ART_13,Down-Sized Dynamic Forecast,1997,Rock,14
ALB_48,ART_20,Public-Key Dynamic Policy,2012,Rock,12
ALB_49,ART_20,Self-Enabling Cohesive Alliance,2022,Rock,15
ALB_50,ART_18,Inverse Responsive Methodology,2000,Pop,15
